{"cameraMode":{"drawMode":0,"name":"Shaded","section":"Shading Mode"},"sceneLighting":false,"audioPlay":false,"sceneViewState":{"m_AlwaysRefresh":false,"showFog":true,"showSkybox":false,"showFlares":true,"showImageEffects":true,"showParticleSystems":true,"showVisualEffectGraphs":true,"m_FxEnabled":true},"in2DMode":false,"pivot":{"x":0.32518887519836428,"y":0.19461935758590699,"z":0.28692740201950076},"rotation":{"x":0.213348850607872,"y":0.7251643538475037,"z":-0.25692567229270937,"w":0.6021711230278015},"size":1.1990110874176026,"orthographic":false}